1位,"",えりお,11181個
2位,"",ジャイアント風邪,2605個
3位,"",☃8えり,2074個
4位,"",うりぼう@えり,1488個
5位,"",ねがえり,1443個
6位,"",つめえり,1114個
7位,"",ほのえり,1017個
8位,"",とちゅてぃー,872個
9位,"",えりち,418個
10位,"",かふぇえり,0個
10位,"",デュえりスト,0個
10位,"",ナスカ・8・,0個
10位,"",優えり,0個
10位,"",びゅるえり,0個
10位,"",左えり,0個
10位,"",えりごりくん,0個
10位,"",miya,0個
10位,"",さほみ@えり,0個
10位,"",ろくごう,0個
10位,"",ミヤテル@えり,0個
10位,"",えりすたー,0個
10位,"",いろえり,0個
10位,"",らぴなえり,0個
10位,"",@ゆか,0個
10位,"",トムソン,0個
10位,"",ねこま@えり,0個
10位,"",ノヴェラ,0個
10位,"",エリトリア,0個
10位,"",ちろるん@えり,0個
10位,"",おかえりんこ,0個
10位,"",ノヴェラ,0個
10位,"",エリトリア,0個
10位,"",ちろるん@えり,0個
10位,"",おかえりんこ,0個
10位,"",じゅうぐ@えり,0個
10位,"",(。・_・。),0個
10位,"",・8・,0個
10位,"",なつえり,0個
10位,"",えりの右手,0個
10位,"",コンバ,0個
10位,"",いすず,0個
